Criptomoneda,Umbral,Precisión Clase 0 (%),Total Clase 0
BNB,0.646,55.55555555555556,45
SAND,0.616,56.52173913043478,69
