Criptomoneda,Umbral,Precisión Clase 0 (%),Total Clase 0
BNB,0.598,57.28155339805825,103
SAND,0.636,55.42168674698795,83
