Criptomoneda,Umbral,Precisión Clase 0 (%),Total Clase 0
BNB,0.672,56.00000000000001,25
SAND,0.61,55.26315789473685,38
