Criptomoneda,Umbral,Precisión Clase 0 (%),Total Clase 0
BNB,0.608,57.57575757575758,33
SAND,0.518,55.04587155963303,109
