Criptomoneda,Umbral,Precisión Clase 0 (%),Total Clase 0
BNB,0.518,55.73770491803278,61
SAND,0.54,55.10204081632652,49
