Criptomoneda,Umbral,Precisión Clase 0 (%),Total Clase 0
BNB,0.654,56.00000000000001,75
SAND,0.62,55.140186915887845,107
