Criptomoneda,Umbral,Precisión Clase 0 (%),Total Clase 0
BNB,0.628,55.172413793103445,29
SAND,0.534,57.798165137614674,109
