Criptomoneda,Umbral,Precisión Clase 0 (%),Total Clase 0
BNB,0.598,56.52173913043478,46
SAND,0.594,55.294117647058826,85
